keyword,notes
"github free","Starter negative seed for b2b-software"
"open source alternative","Starter negative seed for b2b-software"
"internship","Starter negative seed for b2b-software"
"graduate scheme","Starter negative seed for b2b-software"
"how to build","Starter negative seed for b2b-software"
"tutorial youtube","Starter negative seed for b2b-software"
"pricing scraper","Starter negative seed for b2b-software"
"crack","Starter negative seed for b2b-software"
"nulled","Starter negative seed for b2b-software"
"free forever plan abuse","Starter negative seed for b2b-software"
"chrome extension scrape","Starter negative seed for b2b-software"
"course udemy","Starter negative seed for b2b-software"
